keyword,url,title,title_cleaned,keyword_cleaned,title_filtered_tokens,question_text_validated,question_type,question_length,extracted_entities,funnel_stage,confidence
pr,https://www.warriorforum.com/main-internet-marketing-discussion-forum/1502383-balancing-my-business-growing-online-presence-while-managing-projects.html?utm_source=internal&utm_medium=discussion-list&utm_campaign=feed&utm_term=title,Balancing My Business and Growing Online Presence While Managing Projects,balancing my business and growing online presence while managing projects,pr,balancing business growing online presence managing projects,,other,0,[],MOFU,0.3979648947715759
seo,https://www.warriorforum.com/main-internet-marketing-discussion-forum/1502082-seo-aeo.html?utm_source=internal&utm_medium=discussion-list&utm_campaign=feed&utm_term=title,SEO or AEO?,seo or aeo,seo,seo aeo,,other,0,[],TOFU,0.41999387741088867
marketing,https://www.warriorforum.com/main-internet-marketing-discussion-forum/1500057-best-digital-marketing-skills-beginners-2025-what-s-demand.html?utm_source=internal&utm_medium=discussion-list&utm_campaign=feed&utm_term=title,Best Digital Marketing Skills for Beginners in 2025 - What's in Demand?,best digital marketing skills for beginners in 2025 whats in demand,marketing,best digital marketing skills beginners 2025 whats demand,,other,0,"[{'text': 'Digital Marketing Skills', 'start': 5, 'end': 29, 'label': 'ORG', 'label_desc': 'Companies, agencies, institutions, etc.'}, {'text': '2025', 'start': 47, 'end': 51, 'label': 'DATE', 'label_desc': 'Absolute or relative dates or periods'}]",TOFU,0.3761528730392456
traffic,https://www.warriorforum.com/showthread.php?t=1500979&utm_source=internal&utm_medium=discussion-list&utm_campaign=feed&utm_term=title,Traffic Drop After Google's December Update - Seeking Recovery Tips,traffic drop after googles december update seeking recovery tips,traffic,traffic drop googles december update seeking recovery tips,,other,0,"[{'text': 'Traffic Drop', 'start': 0, 'end': 12, 'label': 'PERSON', 'label_desc': 'People, including fictional'}, {'text': 'Google', 'start': 19, 'end': 25, 'label': 'ORG', 'label_desc': 'Companies, agencies, institutions, etc.'}, {'text': 'December', 'start': 28, 'end': 36, 'label': 'DATE', 'label_desc': 'Absolute or relative dates or periods'}, {'text': 'Update - Seeking Recovery Tips', 'start': 37, 'end': 67, 'label': 'EVENT', 'label_desc': 'Named hurricanes, battles, wars, sports events, etc.'}]",MOFU,0.40144363045692444
social media,https://www.warriorforum.com/learn-forum/1500811-social-media-funnels-explained-graphically.html?utm_source=internal&utm_medium=discussion-list&utm_campaign=feed&utm_term=title,Social media funnels explained...graphically,social media funnels explainedgraphically,social media,social media funnels explainedgraphically,,other,0,[],TOFU,0.36508896946907043
marketing,https://www.warriorforum.com/main-internet-marketing-discussion-forum/1501083-having-website-analytics-tool-installed-your-website-helping-you-marketing.html?utm_source=internal&utm_medium=discussion-list&utm_campaign=feed&utm_term=title,Is having website analytics tool installed on your website helping you with marketing ?,is having website analytics tool installed on your website helping you with marketing,marketing,website analytics tool installed website helping marketing,is having website analytics tool installed on your website helping you with marketing,boolean,13,[],TOFU,0.5115363597869873
pr,https://www.warriorforum.com/main-internet-marketing-discussion-forum/1499862-how-can-i-start-where-cold-emailing-forbidden-germany-since-gdpr-paid-networking.html?utm_source=internal&utm_medium=discussion-list&utm_campaign=feed&utm_term=title,"How can I start and where? Cold emailing is forbidden in GERMANY, since GDPR, which paid networking",how can i start and where cold emailing is forbidden in germany since gdpr which paid networking,pr,start cold emailing forbidden germany since gdpr paid networking,how can i start and where cold emailing is forbidden in germany since gdpr which paid networking,instructional,17,"[{'text': 'GERMANY', 'start': 57, 'end': 64, 'label': 'GPE', 'label_desc': 'Countries, cities, states'}, {'text': 'GDPR', 'start': 72, 'end': 76, 'label': 'ORG', 'label_desc': 'Companies, agencies, institutions, etc.'}]",MOFU,0.44317615032196045
traffic,https://www.warriorforum.com/search-engine-optimization/1498534-backlink-websites-traffic-0-helpful-ranking.html?utm_source=internal&utm_medium=discussion-list&utm_campaign=feed&utm_term=title,Is backlink from websites which traffic is 0 helpful for ranking?,is backlink from websites which traffic is 0 helpful for ranking,traffic,backlink websites traffic 0 helpful ranking,is backlink from websites which traffic is 0 helpful for ranking,boolean,11,"[{'text': '0', 'start': 43, 'end': 44, 'label': 'CARDINAL', 'label_desc': 'Numerals that do not fall under another type'}]",TOFU,0.4132612645626068
campaign,https://www.warriorforum.com/artificial-intelligence/1497426-coca-colas-ai-holiday-campaign-blunder.html?utm_source=internal&utm_medium=discussion-list&utm_campaign=feed&utm_term=title,Coca-Cola's AI holiday campaign is a blunder,cocacolas ai holiday campaign is a blunder,campaign,cocacolas ai holiday campaign blunder,,other,0,"[{'text': ""Coca-Cola's"", 'start': 0, 'end': 11, 'label': 'ORG', 'label_desc': 'Companies, agencies, institutions, etc.'}]",TOFU,0.4290250837802887
retention,https://www.warriorforum.com/showthread.php?t=1497424&utm_source=internal&utm_medium=discussion-list&utm_campaign=feed&utm_term=title,Customer retention hacks you need to know,customer retention hacks you need to know,retention,customer retention hacks need know,,other,0,[],MOFU,0.4112852215766907
social media,https://www.warriorforum.com/learn-forum/1496833-what-social-media-will-like-2025-a.html?utm_source=internal&utm_medium=discussion-list&utm_campaign=feed&utm_term=title,What social media will be like in 2025,what social media will be like in 2025,social media,social media like 2025,what social media will be like in 2025,informational,8,"[{'text': '2025', 'start': 34, 'end': 38, 'label': 'DATE', 'label_desc': 'Absolute or relative dates or periods'}]",MOFU,0.42151302099227905
pr,https://www.warriorforum.com/main-internet-marketing-discussion-forum/1488072-should-you-include-faqs-product-category-pages.html?utm_source=internal&utm_medium=discussion-list&utm_campaign=feed&utm_term=title,Should you include FAQs on product or category pages?,should you include faqs on product or category pages,pr,include faqs product category pages,should you include faqs on product or category pages,boolean,9,[],TOFU,0.43160757422447205
branding,https://www.warriorforum.com/main-internet-marketing-discussion-forum/1481681-share-examples-successful-domain-website-rebranding-stories.html?utm_source=internal&utm_medium=discussion-list&utm_campaign=feed&utm_term=title,Share examples of successful domain/website rebranding stories?,share examples of successful domainwebsite rebranding stories,branding,share examples successful domainwebsite rebranding stories,,other,0,[],TOFU,0.3993043601512909
pr,https://www.warriorforum.com/artificial-intelligence/1478493-how-would-you-use-ai-improve-your-workflow-business.html?utm_source=internal&utm_medium=discussion-list&utm_campaign=feed&utm_term=title,How would you use AI to improve your workflow/business?,how would you use ai to improve your workflowbusiness,pr,would use ai improve workflowbusiness,how would you use ai to improve your workflowbusiness,instructional,9,"[{'text': 'AI', 'start': 18, 'end': 20, 'label': 'GPE', 'label_desc': 'Countries, cities, states'}]",TOFU,0.4264400899410248
sales,https://www.warriorforum.com/main-internet-marketing-discussion-forum/1478457-amazon-international-sales.html?utm_source=internal&utm_medium=discussion-list&utm_campaign=feed&utm_term=title,Amazon International Sales,amazon international sales,sales,amazon international sales,,other,0,"[{'text': 'Amazon International Sales', 'start': 0, 'end': 26, 'label': 'ORG', 'label_desc': 'Companies, agencies, institutions, etc.'}]",MOFU,0.38346588611602783
marketing,https://www.warriorforum.com/offline-marketing/1478190-right-time-again-sms-marketing.html?utm_source=internal&utm_medium=discussion-list&utm_campaign=feed&utm_term=title,Is it the right time again for SMS marketing?,is it the right time again for sms marketing,marketing,right time sms marketing,is it the right time again for sms marketing,boolean,9,[],TOFU,0.36157310009002686
seo,https://www.warriorforum.com/search-engine-optimization/1478006-does-guest-blogging-still-work-seo.html?utm_source=internal&utm_medium=discussion-list&utm_campaign=feed&utm_term=title,Does guest blogging still work for SEO?,does guest blogging still work for seo,seo,guest blogging still work seo,does guest blogging still work for seo,boolean,7,"[{'text': 'SEO', 'start': 35, 'end': 38, 'label': 'ORG', 'label_desc': 'Companies, agencies, institutions, etc.'}]",TOFU,0.4326058328151703
strategy,https://www.warriorforum.com/search-engine-optimization/1477786-does-b2c-website-need-external-link-strategy.html?utm_source=internal&utm_medium=discussion-list&utm_campaign=feed&utm_term=title,Does a B2C website need an external link strategy?,does a b2c website need an external link strategy,strategy,b2c website need external link strategy,does a b2c website need an external link strategy,boolean,9,[],BOFU,0.36455073952674866
ppc,https://www.warriorforum.com/pay-per-click-search-engine-marketing-ppc-sem/1477174-5-quick-hacks-reignite-your-ppc-strategy.html?utm_source=internal&utm_medium=discussion-list&utm_campaign=feed&utm_term=title,5 quick hacks to reignite your PPC strategy,5 quick hacks to reignite your ppc strategy,ppc,5 quick hacks reignite ppc strategy,,other,0,"[{'text': '5', 'start': 0, 'end': 1, 'label': 'CARDINAL', 'label_desc': 'Numerals that do not fall under another type'}, {'text': 'PPC', 'start': 31, 'end': 34, 'label': 'ORG', 'label_desc': 'Companies, agencies, institutions, etc.'}]",TOFU,0.39188089966773987
strategy,https://www.warriorforum.com/beginners-area/1477125-what-should-link-building-strategy-new-site.html?utm_source=internal&utm_medium=discussion-list&utm_campaign=feed&utm_term=title,What should be the link building strategy for a new site?,what should be the link building strategy for a new site,strategy,link building strategy new site,what should be the link building strategy for a new site,informational,11,[],TOFU,0.3900459408760071
pr,https://www.warriorforum.com/main-internet-marketing-discussion-forum/1475273-40-commission-too-risky-young-brand-stark-off-affiliate-program.html?utm_source=internal&utm_medium=discussion-list&utm_campaign=feed&utm_term=title,Is 40% commission too risky for a young brand to stark off an affiliate program,is 40 commission too risky for a young brand to stark off an affiliate program,pr,40 commission risky young brand stark affiliate program,is 40 commission too risky for a young brand to stark off an affiliate program,boolean,15,"[{'text': '40%', 'start': 3, 'end': 6, 'label': 'PERCENT', 'label_desc': 'Percentage, including ""%""'}]",TOFU,0.42064547538757324
marketing,https://www.warriorforum.com/main-internet-marketing-discussion-forum/1474382-would-good-idea-create-own-work-while-going-through-digital-marketing-certificate.html?utm_source=internal&utm_medium=discussion-list&utm_campaign=feed&utm_term=title,Would it be a good idea to create own work while going through a digital marketing certificate?,would it be a good idea to create own work while going through a digital marketing certificate,marketing,would good idea create work going digital marketing certificate,would it be a good idea to create own work while going through a digital marketing certificate,boolean,17,[],MOFU,0.3506181240081787
copywriting,https://www.warriorforum.com/copywriting/1471529-copywriting-its-challenges.html?utm_source=internal&utm_medium=discussion-list&utm_campaign=feed&utm_term=title,Copywriting and it's Challenges,copywriting and its challenges,copywriting,copywriting challenges,,other,0,[],TOFU,0.4096565842628479
marketing,https://www.warriorforum.com/main-internet-marketing-discussion-forum/1471384-how-do-i-achieve-10x-scale-marketing-lead-gen-agency.html?utm_source=internal&utm_medium=discussion-list&utm_campaign=feed&utm_term=title,How do I achieve 10x Scale for Marketing Lead Gen Agency,how do i achieve 10x scale for marketing lead gen agency,marketing,achieve 10x scale marketing lead gen agency,how do i achieve 10x scale for marketing lead gen agency,instructional,11,"[{'text': '10x', 'start': 17, 'end': 20, 'label': 'CARDINAL', 'label_desc': 'Numerals that do not fall under another type'}, {'text': 'Scale for Marketing Lead Gen Agency', 'start': 21, 'end': 56, 'label': 'WORK_OF_ART', 'label_desc': 'Titles of books, songs, etc.'}]",TOFU,0.37964144349098206
seo,https://www.warriorforum.com/search-engine-optimization/1471274-do-uncloacked-affiliate-links-harm-seo.html?utm_source=internal&utm_medium=discussion-list&utm_campaign=feed&utm_term=title,Do Uncloacked Affiliate Links Harm SEO?,do uncloacked affiliate links harm seo,seo,uncloacked affiliate links harm seo,do uncloacked affiliate links harm seo,boolean,6,[],TOFU,0.3820751905441284
seo,https://www.warriorforum.com/beginners-area/1470613-will-irrelevant-not-closely-relevant-website-contents-hurt-seo.html?utm_source=internal&utm_medium=discussion-list&utm_campaign=feed&utm_term=title,Will Irrelevant or Not-closely-relevant  Website Contents Hurt the SEO?,will irrelevant or notcloselyrelevant website contents hurt the seo,seo,irrelevant notcloselyrelevant website contents hurt seo,will irrelevant or notcloselyrelevant website contents hurt the seo,boolean,9,"[{'text': 'SEO', 'start': 67, 'end': 70, 'label': 'ORG', 'label_desc': 'Companies, agencies, institutions, etc.'}]",MOFU,0.40182286500930786
google ads,https://www.warriorforum.com/learn/3-simple-google-ads-tweaks-to-help-boost-sales&utm_source=internal&utm_medium=discussion-list&utm_campaign=feed&utm_term=title,3 simple Google Ads tweaks to help boost sales,3 simple google ads tweaks to help boost sales,google ads,3 simple google ads tweaks help boost sales,,other,0,"[{'text': '3', 'start': 0, 'end': 1, 'label': 'CARDINAL', 'label_desc': 'Numerals that do not fall under another type'}]",TOFU,0.353081077337265
marketing,https://www.warriorforum.com/main-internet-marketing-discussion-forum/1468671-does-anyone-still-recommend-classified-ads-marketing.html?utm_source=internal&utm_medium=discussion-list&utm_campaign=feed&utm_term=title,Does anyone still recommend classified ads for marketing?,does anyone still recommend classified ads for marketing,marketing,anyone still recommend classified ads marketing,does anyone still recommend classified ads for marketing,boolean,8,[],TOFU,0.3874429762363434
seo,https://www.warriorforum.com/learn-forum/1468056-how-harmonise-your-ppc-seo-strategies-5-steps.html?utm_source=internal&utm_medium=discussion-list&utm_campaign=feed&utm_term=title,How to harmonise your PPC and SEO strategies in 5 steps,how to harmonise your ppc and seo strategies in 5 steps,seo,harmonise ppc seo strategies 5 steps,how to harmonise your ppc and seo strategies in 5 steps,instructional,11,"[{'text': 'PPC', 'start': 22, 'end': 25, 'label': 'ORG', 'label_desc': 'Companies, agencies, institutions, etc.'}, {'text': 'SEO', 'start': 30, 'end': 33, 'label': 'ORG', 'label_desc': 'Companies, agencies, institutions, etc.'}, {'text': '5', 'start': 48, 'end': 49, 'label': 'CARDINAL', 'label_desc': 'Numerals that do not fall under another type'}]",MOFU,0.41178473830223083
strategy,https://www.warriorforum.com/main-internet-marketing-discussion-forum/1468018-what-strategy-do-you-use.html?utm_source=internal&utm_medium=discussion-list&utm_campaign=feed&utm_term=title,What strategy do you use?,what strategy do you use,strategy,strategy use,what strategy do you use,informational,5,[],MOFU,0.3579491674900055
facebook ads,https://www.warriorforum.com/social-media/1467909-effective-facebook-ads-long-primary-texts.html?utm_source=internal&utm_medium=discussion-list&utm_campaign=feed&utm_term=title,Effective Facebook Ads with Long Primary Texts,effective facebook ads with long primary texts,facebook ads,effective facebook ads long primary texts,,other,0,[],TOFU,0.4028797447681427
traffic,https://www.warriorforum.com/beginners-area/1467399-how-can-i-increase-our-web-traffic-using-duckduckgo.html?utm_source=internal&utm_medium=discussion-list&utm_campaign=feed&utm_term=title,How can I increase our web traffic using DuckDuckGo?,how can i increase our web traffic using duckduckgo,traffic,increase web traffic using duckduckgo,how can i increase our web traffic using duckduckgo,instructional,9,[],TOFU,0.4121845066547394
marketing,https://www.warriorforum.com/learn/how-ai-can-help-your-marketing-right-now&utm_source=internal&utm_medium=discussion-list&utm_campaign=feed&utm_term=title,How AI can help your marketing right now,how ai can help your marketing right now,marketing,ai help marketing right,how ai can help your marketing right now,instructional,8,[],MOFU,0.3767435550689697
advertising,https://www.warriorforum.com/ad-networks-cpm-cpl-display/1466898-what-ctv-advertising-how-do-you-get-most-out.html?utm_source=internal&utm_medium=discussion-list&utm_campaign=feed&utm_term=title,What is CTV advertising and how do you get the most out of it?,what is ctv advertising and how do you get the most out of it,advertising,ctv advertising get,what is ctv advertising and how do you get the most out of it,informational,14,"[{'text': 'CTV', 'start': 8, 'end': 11, 'label': 'ORG', 'label_desc': 'Companies, agencies, institutions, etc.'}]",MOFU,0.37717702984809875
traffic,https://www.warriorforum.com/social-media/1466941-free-facebook-traffic-thing-past.html?utm_source=internal&utm_medium=discussion-list&utm_campaign=feed&utm_term=title,Is free Facebook traffic a thing of the past?,is free facebook traffic a thing of the past,traffic,free facebook traffic thing past,is free facebook traffic a thing of the past,boolean,9,[],MOFU,0.38363003730773926
pr,https://www.warriorforum.com/search-engine-optimization/1465422-how-optimise-product-pages-your-google-merchant-listing.html?utm_source=internal&utm_medium=discussion-list&utm_campaign=feed&utm_term=title,How to optimise product pages on your Google Merchant listing,how to optimise product pages on your google merchant listing,pr,optimise product pages google merchant listing,how to optimise product pages on your google merchant listing,instructional,10,"[{'text': 'Google Merchant', 'start': 38, 'end': 53, 'label': 'WORK_OF_ART', 'label_desc': 'Titles of books, songs, etc.'}]",MOFU,0.4286143183708191
conversion,https://www.warriorforum.com/pay-per-click-search-engine-marketing-ppc-sem/1465402-bemob-didnt-record-2-conversions-me.html?utm_source=internal&utm_medium=discussion-list&utm_campaign=feed&utm_term=title,Bemob didn't record 2 conversions for me,bemob didnt record 2 conversions for me,conversion,bemob didnt record 2 conversions,,other,0,"[{'text': 'Bemob', 'start': 0, 'end': 5, 'label': 'ORG', 'label_desc': 'Companies, agencies, institutions, etc.'}, {'text': '2', 'start': 20, 'end': 21, 'label': 'CARDINAL', 'label_desc': 'Numerals that do not fall under another type'}]",MOFU,0.462447851896286
seo,https://www.warriorforum.com/learn/how-to-track-customers-and-revenue-from-seo-in-your-crm&utm_source=internal&utm_medium=discussion-list&utm_campaign=feed&utm_term=title,How to track customers and revenue from SEO in your CRM,how to track customers and revenue from seo in your crm,seo,track customers revenue seo crm,how to track customers and revenue from seo in your crm,instructional,11,"[{'text': 'SEO', 'start': 40, 'end': 43, 'label': 'ORG', 'label_desc': 'Companies, agencies, institutions, etc.'}, {'text': 'CRM', 'start': 52, 'end': 55, 'label': 'PRODUCT', 'label_desc': 'Objects, vehicles, foods, etc. (not services)'}]",MOFU,0.34175240993499756
digital,https://www.warriorforum.com/main-internet-marketing-discussion-forum/1464308-i-guess-makes-sense-digital-experience-important-diners-too.html?utm_source=internal&utm_medium=discussion-list&utm_campaign=feed&utm_term=title,I guess this makes sense? Digital experience is important to diners too,i guess this makes sense digital experience is important to diners too,digital,guess makes sense digital experience important diners,,other,0,[],TOFU,0.4197990596294403
traffic,https://www.warriorforum.com/main-internet-marketing-discussion-forum/1463413-does-anyone-use-only-paid-traffic-exclusively.html?utm_source=internal&utm_medium=discussion-list&utm_campaign=feed&utm_term=title,Does anyone use ONLY paid traffic exclusively?,does anyone use only paid traffic exclusively,traffic,anyone use paid traffic exclusively,does anyone use only paid traffic exclusively,boolean,7,[],MOFU,0.3869122862815857
strategy,https://www.warriorforum.com/main-internet-marketing-discussion-forum/1463270-how-analyse-your-content-craft-winning-strategy-2023-a.html?utm_source=internal&utm_medium=discussion-list&utm_campaign=feed&utm_term=title,How to analyse your content and craft a winning strategy in 2023,how to analyse your content and craft a winning strategy in 2023,strategy,analyse content craft winning strategy 2023,how to analyse your content and craft a winning strategy in 2023,instructional,12,"[{'text': '2023', 'start': 60, 'end': 64, 'label': 'DATE', 'label_desc': 'Absolute or relative dates or periods'}]",MOFU,0.4298945665359497
analytics,https://www.warriorforum.com/search-engine-optimization/1463269-using-google-analytics-even-search-ranking-factor.html?utm_source=internal&utm_medium=discussion-list&utm_campaign=feed&utm_term=title,Is using Google Analytics even a search ranking factor?,is using google analytics even a search ranking factor,analytics,using google analytics even search ranking factor,is using google analytics even a search ranking factor,boolean,9,"[{'text': 'Google Analytics', 'start': 9, 'end': 25, 'label': 'ORG', 'label_desc': 'Companies, agencies, institutions, etc.'}]",TOFU,0.3912186026573181
seo,https://www.warriorforum.com/search-engine-optimization/1462921-really-new-era-google-search-what-does-mean-seo.html?utm_source=internal&utm_medium=discussion-list&utm_campaign=feed&utm_term=title,Is this really a new era of Google Search? And what does it mean for SEO?,is this really a new era of google search and what does it mean for seo,seo,really new era google search mean seo,is this really a new era of google search and what does it mean for seo,boolean,16,"[{'text': 'Google Search', 'start': 28, 'end': 41, 'label': 'ORG', 'label_desc': 'Companies, agencies, institutions, etc.'}, {'text': 'SEO', 'start': 69, 'end': 72, 'label': 'ORG', 'label_desc': 'Companies, agencies, institutions, etc.'}]",MOFU,0.5246805548667908
analytics,https://www.warriorforum.com/search-engine-optimization/1460764-google-analytics-will-discontinue-reporting-store-visits.html?utm_source=internal&utm_medium=discussion-list&utm_campaign=feed&utm_term=title,Google Analytics will discontinue reporting of store visits,google analytics will discontinue reporting of store visits,analytics,google analytics discontinue reporting store visits,,other,0,"[{'text': 'Google Analytics', 'start': 0, 'end': 16, 'label': 'ORG', 'label_desc': 'Companies, agencies, institutions, etc.'}]",MOFU,0.3563692569732666
social media,https://www.warriorforum.com/social-media/1459621-what-your-tips-creating-engaging-social-media-content-heres-few-get-you-started.html?utm_source=internal&utm_medium=discussion-list&utm_campaign=feed&utm_term=title,What are your tips for creating engaging social media content? Here's a few to get you started,what are your tips for creating engaging social media content heres a few to get you started,social media,tips creating engaging social media content heres get started,what are your tips for creating engaging social media content heres a few to get you started,informational,17,[],TOFU,0.37223735451698303
marketing,https://www.warriorforum.com/social-media/1459572-what-your-tips-maximising-facebook-marketing-holiday-season.html?utm_source=internal&utm_medium=discussion-list&utm_campaign=feed&utm_term=title,What are your tips for maximising Facebook Marketing this holiday season?,what are your tips for maximising facebook marketing this holiday season,marketing,tips maximising facebook marketing holiday season,what are your tips for maximising facebook marketing this holiday season,informational,11,"[{'text': 'Facebook Marketing', 'start': 34, 'end': 52, 'label': 'WORK_OF_ART', 'label_desc': 'Titles of books, songs, etc.'}, {'text': 'this holiday season', 'start': 53, 'end': 72, 'label': 'DATE', 'label_desc': 'Absolute or relative dates or periods'}]",TOFU,0.3533601462841034
strategy,https://www.warriorforum.com/main-internet-marketing-discussion-forum/1459530-how-quickly-fill-content-gaps-your-strategy.html?utm_source=internal&utm_medium=discussion-list&utm_campaign=feed&utm_term=title,How to quickly fill content gaps in your strategy,how to quickly fill content gaps in your strategy,strategy,quickly fill content gaps strategy,how to quickly fill content gaps in your strategy,instructional,9,[],TOFU,0.5422384738922119
pr,https://www.warriorforum.com/website-design/1459157-does-optimising-online-experience-disabilities-improve-things-all-customers.html?utm_source=internal&utm_medium=discussion-list&utm_campaign=feed&utm_term=title,Does optimising the online experience for disabilities improve things for all customers?,does optimising the online experience for disabilities improve things for all customers,pr,optimising online experience disabilities improve things customers,does optimising the online experience for disabilities improve things for all customers,boolean,12,[],TOFU,0.3845624327659607
seo,https://www.warriorforum.com/programming/1459156-do-javascript-redirects-work-seo.html?utm_source=internal&utm_medium=discussion-list&utm_campaign=feed&utm_term=title,Do JavaScript redirects work for SEO?,do javascript redirects work for seo,seo,javascript redirects work seo,do javascript redirects work for seo,boolean,6,"[{'text': 'JavaScript', 'start': 3, 'end': 13, 'label': 'ORG', 'label_desc': 'Companies, agencies, institutions, etc.'}, {'text': 'SEO', 'start': 33, 'end': 36, 'label': 'ORG', 'label_desc': 'Companies, agencies, institutions, etc.'}]",MOFU,0.41999197006225586
outreach,https://www.warriorforum.com/search-engine-optimization/1457975-how-find-quality-email-outreach-prospects-2022-a.html?utm_source=internal&utm_medium=discussion-list&utm_campaign=feed&utm_term=title,How to find quality email outreach prospects in 2022?,how to find quality email outreach prospects in 2022,outreach,find quality email outreach prospects 2022,how to find quality email outreach prospects in 2022,instructional,9,"[{'text': '2022', 'start': 48, 'end': 52, 'label': 'DATE', 'label_desc': 'Absolute or relative dates or periods'}]",MOFU,0.44580715894699097
marketing,https://www.warriorforum.com/offline-marketing/1457952-music-part-your-short-term-marketing-strategy-maybe-should.html?utm_source=internal&utm_medium=discussion-list&utm_campaign=feed&utm_term=title,Is music a part of your short-term marketing strategy? Maybe it should be,is music a part of your shortterm marketing strategy maybe it should be,marketing,music part shortterm marketing strategy maybe,is music a part of your shortterm marketing strategy maybe it should be,boolean,13,[],MOFU,0.531764805316925
advertising,https://www.warriorforum.com/ad-networks-cpm-cpl-display/1457954-advice-think-beyond-basic-identities-more-inclusive-advertising-approach.html?utm_source=internal&utm_medium=discussion-list&utm_campaign=feed&utm_term=title,Advice: Think beyond basic identities for a more inclusive advertising approach,advice think beyond basic identities for a more inclusive advertising approach,advertising,advice think beyond basic identities inclusive advertising approach,,other,0,[],MOFU,0.3654756247997284
conversion,https://www.warriorforum.com/ecommerce-sites-wholesaling-drop-shipping/1457354-how-do-you-find-understand-conversion-rates-your-amazon-products.html?utm_source=internal&utm_medium=discussion-list&utm_campaign=feed&utm_term=title,How do you find and understand the conversion rates of your Amazon products?,how do you find and understand the conversion rates of your amazon products,conversion,find understand conversion rates amazon products,how do you find and understand the conversion rates of your amazon products,instructional,13,"[{'text': 'Amazon', 'start': 60, 'end': 66, 'label': 'ORG', 'label_desc': 'Companies, agencies, institutions, etc.'}]",TOFU,0.4409242868423462
social media,https://www.warriorforum.com/social-media/1456155-what-content-type-tops-social-media-study.html?utm_source=internal&utm_medium=discussion-list&utm_campaign=feed&utm_term=title,What content type tops social media in this study?,what content type tops social media in this study,social media,content type tops social media study,what content type tops social media in this study,informational,9,[],MOFU,0.39780524373054504
marketing,https://www.warriorforum.com/social-media/1455299-who-uses-linkedin-part-digital-marketing-strategy-these-new-features-might-pique-you.html?utm_source=internal&utm_medium=discussion-list&utm_campaign=feed&utm_term=title,Who uses Linkedin as part of the digital marketing strategy? These new features might pique you.,who uses linkedin as part of the digital marketing strategy these new features might pique you,marketing,uses linkedin part digital marketing strategy new features might pique,who uses linkedin as part of the digital marketing strategy these new features might pique you,personal,16,[],TOFU,0.39950382709503174
marketing,https://www.warriorforum.com/email-marketing/1455247-you-ready-enterprise-email-marketing-platform-we-ll-help-you-decide.html?utm_source=internal&utm_medium=discussion-list&utm_campaign=feed&utm_term=title,Are you ready for an enterprise email marketing platform? We'll help you decide.,are you ready for an enterprise email marketing platform well help you decide,marketing,ready enterprise email marketing platform well help decide,are you ready for an enterprise email marketing platform well help you decide,boolean,13,[],TOFU,0.4401862323284149
marketing,https://www.warriorforum.com/learn-forum/1455121-how-mobile-gaming-brands-can-maximise-tiktok-marketing.html?utm_source=internal&utm_medium=discussion-list&utm_campaign=feed&utm_term=title,How mobile gaming brands can maximise TikTok for marketing,how mobile gaming brands can maximise tiktok for marketing,marketing,mobile gaming brands maximise tiktok marketing,how mobile gaming brands can maximise tiktok for marketing,instructional,9,"[{'text': 'TikTok', 'start': 38, 'end': 44, 'label': 'ORG', 'label_desc': 'Companies, agencies, institutions, etc.'}]",TOFU,0.687015950679779
customers,https://www.warriorforum.com/main-internet-marketing-discussion-forum/1453683-lapsed-customers-aren-t-same-unengaged-subscribers.html?utm_source=internal&utm_medium=discussion-list&utm_campaign=feed&utm_term=title,Lapsed customers aren't the same as unengaged subscribers,lapsed customers arent the same as unengaged subscribers,customers,lapsed customers arent unengaged subscribers,,other,0,[],TOFU,0.3835653066635132
promotion,https://www.warriorforum.com/learn-forum/1453076-effective-promotional-approaches-tiktok.html?utm_source=internal&utm_medium=discussion-list&utm_campaign=feed&utm_term=title,Effective promotional approaches on TikTok,effective promotional approaches on tiktok,promotion,effective promotional approaches tiktok,,other,0,"[{'text': 'TikTok', 'start': 36, 'end': 42, 'label': 'ORG', 'label_desc': 'Companies, agencies, institutions, etc.'}]",MOFU,0.42810365557670593
strategy,https://www.warriorforum.com/main-internet-marketing-discussion-forum/1451781-how-create-three-tier-blog-strategy-increase-revenue.html?utm_source=internal&utm_medium=discussion-list&utm_campaign=feed&utm_term=title,How to create a three-tier blog strategy to increase revenue,how to create a threetier blog strategy to increase revenue,strategy,create threetier blog strategy increase revenue,how to create a threetier blog strategy to increase revenue,instructional,10,"[{'text': 'three', 'start': 16, 'end': 21, 'label': 'CARDINAL', 'label_desc': 'Numerals that do not fall under another type'}]",TOFU,0.40456002950668335
pr,https://www.warriorforum.com/main-internet-marketing-discussion-forum/1451497-could-somebody-promote-affiliate-offer-one-site-only-gets-150-million-views-monthly.html?utm_source=internal&utm_medium=discussion-list&utm_campaign=feed&utm_term=title,Could somebody promote an Affiliate Offer on one site only that gets 150 Million + Views Monthly?,could somebody promote an affiliate offer on one site only that gets 150 million views monthly,pr,could somebody promote affiliate offer one site gets 150 million views monthly,could somebody promote an affiliate offer on one site only that gets 150 million views monthly,boolean,16,"[{'text': 'Affiliate', 'start': 26, 'end': 35, 'label': 'ORG', 'label_desc': 'Companies, agencies, institutions, etc.'}, {'text': 'one', 'start': 45, 'end': 48, 'label': 'CARDINAL', 'label_desc': 'Numerals that do not fall under another type'}, {'text': '150 Million +', 'start': 69, 'end': 82, 'label': 'CARDINAL', 'label_desc': 'Numerals that do not fall under another type'}, {'text': 'Monthly', 'start': 89, 'end': 96, 'label': 'DATE', 'label_desc': 'Absolute or relative dates or periods'}]",TOFU,0.37995806336402893
influencer,https://www.warriorforum.com/social-media/1451036-infographic-new-study-looks-rise-virtual-influencers.html?utm_source=internal&utm_medium=discussion-list&utm_campaign=feed&utm_term=title,Infographic: New Study Looks at the Rise of Virtual Influencers,infographic new study looks at the rise of virtual influencers,influencer,infographic new study looks rise virtual influencers,,other,0,[],TOFU,0.42818841338157654
seo,https://www.warriorforum.com/search-engine-optimization/1450949-how-keep-your-seo-clients-engaged-3-important-communication-touchpoints.html?utm_source=internal&utm_medium=discussion-list&utm_campaign=feed&utm_term=title,How to keep your SEO clients engaged: 3 important communication touchpoints,how to keep your seo clients engaged 3 important communication touchpoints,seo,keep seo clients engaged 3 important communication touchpoints,how to keep your seo clients engaged 3 important communication touchpoints,instructional,11,"[{'text': 'SEO', 'start': 17, 'end': 20, 'label': 'ORG', 'label_desc': 'Companies, agencies, institutions, etc.'}, {'text': '3', 'start': 38, 'end': 39, 'label': 'CARDINAL', 'label_desc': 'Numerals that do not fall under another type'}]",TOFU,0.39214247465133667
analytics,https://www.warriorforum.com/offline-marketing/1449544-what-call-analytics-how-ai-giving-marketers-more-power-measure-inbound-call-data.html?utm_source=internal&utm_medium=discussion-list&utm_campaign=feed&utm_term=title,What is call analytics and how is AI giving marketers more power to measure inbound call data?,what is call analytics and how is ai giving marketers more power to measure inbound call data,analytics,call analytics ai giving marketers power measure inbound call data,what is call analytics and how is ai giving marketers more power to measure inbound call data,informational,17,[],,
social media,https://www.warriorforum.com/social-media/1449093-how-marketers-used-super-bowl-influence-fans-social-media-search.html?utm_source=internal&utm_medium=discussion-list&utm_campaign=feed&utm_term=title,How marketers used the Super Bowl to influence fans on social media and search,how marketers used the super bowl to influence fans on social media and search,social media,marketers used super bowl influence fans social media search,how marketers used the super bowl to influence fans on social media and search,instructional,14,"[{'text': 'the Super Bowl', 'start': 19, 'end': 33, 'label': 'EVENT', 'label_desc': 'Named hurricanes, battles, wars, sports events, etc.'}]",,
AI in marketing,https://www.quora.com/Can-AI-marketing-tools-benefit-me-even-with-limited-resources-as-a-small-business-owner,"Can AI marketing tools benefit me, even with limited ...",can ai marketing tools benefit me even with limited,ai in marketing,ai marketing tools benefit even limited,can ai marketing tools benefit me even with limited,boolean,9,[],,
AI in marketing,https://www.quora.com/How-can-AI-prompts-improve-marketing-strategies,How can AI prompts improve marketing strategies?,how can ai prompts improve marketing strategies,ai in marketing,ai prompts improve marketing strategies,how can ai prompts improve marketing strategies,instructional,7,[],,
AI in marketing,https://www.quora.com/What-are-emerging-career-roles-in-AI-driven-digital-marketing,What are emerging career roles in AI-driven digital ...,what are emerging career roles in aidriven digital,ai in marketing,emerging career roles aidriven digital,what are emerging career roles in aidriven digital,informational,8,"[{'text': 'AI', 'start': 34, 'end': 36, 'label': 'GPE', 'label_desc': 'Countries, cities, states'}]",,
AI in marketing,https://www.quora.com/What-are-the-latest-trends-in-performance-marketing-for-2025,What are the latest trends in performance marketing for ...,what are the latest trends in performance marketing for,ai in marketing,latest trends performance marketing,what are the latest trends in performance marketing for,informational,9,[],,
AI in marketing,https://www.quora.com/How-can-businesses-stay-ahead-in-digital-marketing-trends,How can businesses stay ahead in digital marketing trends?,how can businesses stay ahead in digital marketing trends,ai in marketing,businesses stay ahead digital marketing trends,how can businesses stay ahead in digital marketing trends,instructional,9,[],,
AI in marketing,https://www.quora.com/What-is-the-best-niche-in-digital-marketing,What is the best niche in digital marketing?,what is the best niche in digital marketing,ai in marketing,best niche digital marketing,what is the best niche in digital marketing,informational,8,[],,
AI in marketing,https://www.quora.com/What-are-some-good-resources-for-a-product-manager-to-learn-about-AI,What are some good resources for a product manager to ...,what are some good resources for a product manager to,ai in marketing,good resources product manager,what are some good resources for a product manager to,informational,10,[],,
AI in marketing,https://www.quora.com/Which-institutes-provide-courses-on-Digital-marketing-analytics-in-Bangalore-Any-reviews#!n=18,Which institutes provide courses on Digital marketing ...,which institutes provide courses on digital marketing,ai in marketing,institutes provide courses digital marketing,which institutes provide courses on digital marketing,comparative,7,"[{'text': 'Digital', 'start': 36, 'end': 43, 'label': 'ORG', 'label_desc': 'Companies, agencies, institutions, etc.'}]",,
AI in marketing,https://www.quora.com/Who-is-a-digital-marketing-expert,Who is a digital marketing expert?,who is a digital marketing expert,ai in marketing,digital marketing expert,who is a digital marketing expert,personal,6,[],,
AI in marketing,https://www.quora.com/What-are-the-qualifications-to-do-digital-marketing-course?top_ans=147009462,What are the qualifications to do digital marketing course?,what are the qualifications to do digital marketing course,ai in marketing,qualifications digital marketing course,what are the qualifications to do digital marketing course,informational,9,[],,
AI in marketing,https://www.quora.com/What-are-the-benefits-of-doing-an-MBA-after-a-BBA-in-marketing,What are the benefits of doing an MBA after a BBA ...,what are the benefits of doing an mba after a bba,ai in marketing,benefits mba bba,what are the benefits of doing an mba after a bba,informational,11,"[{'text': 'MBA', 'start': 34, 'end': 37, 'label': 'WORK_OF_ART', 'label_desc': 'Titles of books, songs, etc.'}, {'text': 'BBA', 'start': 46, 'end': 49, 'label': 'ORG', 'label_desc': 'Companies, agencies, institutions, etc.'}]",,
AI in marketing,https://www.quora.com/How-good-is-the-marketing-launchpad-program-by-Kraftshala,How good is the marketing launchpad program by ...,how good is the marketing launchpad program by,ai in marketing,good marketing launchpad program,how good is the marketing launchpad program by,instructional,8,[],,
AI in marketing,https://www.quora.com/How-can-I-achieve-earnings-from-digital-marketing-in-a-short-time,How to achieve earnings from digital marketing in a short ...,how to achieve earnings from digital marketing in a short,ai in marketing,achieve earnings digital marketing short,how to achieve earnings from digital marketing in a short,instructional,10,[],,
AI in marketing,https://www.quora.com/How-can-the-rise-in-the-voice-activated-search-be-used-by-emerging-businesses-to-disrupt-those-with-solid-organic-exposure-or-larger-marketing-budgets,How can the rise in the voice-activated search be used by ...,how can the rise in the voiceactivated search be used by,ai in marketing,rise voiceactivated search used,how can the rise in the voiceactivated search be used by,instructional,11,[],,
Grow blog traffic,https://www.quora.com/How-does-one-generate-traffic-for-his-her-blog-Whats-the-best-way-to-bring-in-readership-and-grow-viewership-of-your-blog-posts,How does one generate traffic for his/her blog? What's ...,how does one generate traffic for hisher blog whats,grow blog traffic,one generate traffic hisher blog whats,how does one generate traffic for hisher blog whats,instructional,9,"[{'text': 'one', 'start': 9, 'end': 12, 'label': 'CARDINAL', 'label_desc': 'Numerals that do not fall under another type'}]",,
Grow blog traffic,https://www.quora.com/How-do-I-increase-website-traffic-on-SEMrush?top_ans=50419599,How to increase website traffic on SEMrush,how to increase website traffic on semrush,grow blog traffic,increase website traffic semrush,how to increase website traffic on semrush,instructional,7,"[{'text': 'SEMrush', 'start': 35, 'end': 42, 'label': 'ORG', 'label_desc': 'Companies, agencies, institutions, etc.'}]",,
Grow blog traffic,https://www.quora.com/How-can-I-rank-blog-traffic,How to rank blog traffic,how to rank blog traffic,grow blog traffic,rank blog traffic,how to rank blog traffic,instructional,5,[],,
Grow blog traffic,https://www.quora.com/How-do-I-generate-massive-traffic-easily-and-quickly-with-zero-investment,How to generate massive traffic easily and quickly with ...,how to generate massive traffic easily and quickly with,grow blog traffic,generate massive traffic easily quickly,how to generate massive traffic easily and quickly with,instructional,9,[],,
Grow blog traffic,https://www.quora.com/Why-should-we-hire-you-for-running-Facebook-ads,Why should we hire you for running Facebook ads?,why should we hire you for running facebook ads,grow blog traffic,hire running facebook ads,why should we hire you for running facebook ads,reasoning,9,[],,
How to grow LinkedIn audience,https://graphicdesigncontentspace.quora.com/Hi-Im-collins-a-passionate-and-results-driven-freelancer-and-digital-marketer-with-expertise-in-graphic-design-brandi,"Hi, I'm collins a passionate and results-driven freelancer and digital ...",hi im collins a passionate and resultsdriven freelancer and digital,how to grow linkedin audience,hi im collins passionate resultsdriven freelancer digital,,other,0,[],,
Marketing strategies for startups,https://www.quora.com/What-is-the-best-strategy-for-building-an-online-presence-for-startups,What is the best strategy for building an online presence ...,what is the best strategy for building an online presence,marketing strategies for startups,best strategy building online presence,what is the best strategy for building an online presence,informational,10,[],,
Marketing strategies for startups,https://www.quora.com/What-are-the-most-effective-digital-marketing-strategies-for-small-businesses-with-limited-budgets-in-2023,What are the most effective digital marketing strategies for ...,what are the most effective digital marketing strategies for,marketing strategies for startups,effective digital marketing strategies,what are the most effective digital marketing strategies for,informational,9,[],,
Marketing strategies for startups,https://www.quora.com/Education-Startups-What-are-some-marketing-strategies-that-work-well-to-promote-a-product-to-teachers-and-professors,Education Startups: What are some marketing strategies ...,education startups what are some marketing strategies,marketing strategies for startups,education startups marketing strategies,,other,0,[],,
Marketing strategies for startups,https://www.quora.com/What-strategies-are-you-using-in-2021-to-promote-a-new-business?top_ans=70914682,What strategies are you using in 2021 to promote a new ...,what strategies are you using in 2021 to promote a new,marketing strategies for startups,strategies using 2021 promote new,what strategies are you using in 2021 to promote a new,informational,11,"[{'text': '2021', 'start': 33, 'end': 37, 'label': 'DATE', 'label_desc': 'Absolute or relative dates or periods'}]",,
Marketing strategies for startups,https://www.quora.com/What-are-the-best-online-marketing-tactics-to-grow-the-daily-active-users-of-an-app,What are the best online marketing tactics to grow the daily ...,what are the best online marketing tactics to grow the daily,marketing strategies for startups,best online marketing tactics grow daily,what are the best online marketing tactics to grow the daily,informational,11,"[{'text': 'daily', 'start': 55, 'end': 60, 'label': 'DATE', 'label_desc': 'Absolute or relative dates or periods'}]",,
Marketing strategies for startups,https://www.quora.com/What-are-best-content-marketing-strategies-ideas-of-2019,What are best content marketing strategies & ideas of 2019?,what are best content marketing strategies ideas of 2019,marketing strategies for startups,best content marketing strategies ideas 2019,what are best content marketing strategies ideas of 2019,informational,9,"[{'text': '2019', 'start': 54, 'end': 58, 'label': 'DATE', 'label_desc': 'Absolute or relative dates or periods'}]",,
Marketing strategies for startups,https://www.quora.com/How-can-a-small-business-in-Chennai-use-digital-marketing-to-grow-and-attract-more-customers-What-are-some-recommended-starting-points-for-implementing-digital-marketing-strategies,How can a small business in Chennai use digital marketing ...,how can a small business in chennai use digital marketing,marketing strategies for startups,small business chennai use digital marketing,how can a small business in chennai use digital marketing,instructional,10,"[{'text': 'Chennai', 'start': 28, 'end': 35, 'label': 'ORG', 'label_desc': 'Companies, agencies, institutions, etc.'}]",,
Marketing strategies for startups,https://www.quora.com/How-can-one-get-a-list-of-email-ids-of-people-living-in-New-Delhi-for-a-marketing-campaign-of-my-new-startup,How can one get a list of email-ids of people living in New ...,how can one get a list of emailids of people living in new,marketing strategies for startups,one get list emailids people living new,how can one get a list of emailids of people living in new,instructional,13,[],,
Marketing strategies for startups,https://www.quora.com/Should-I-learn-the-course-of-digital-marketing-or-photography,Should I learn the course of digital marketing or ...,should i learn the course of digital marketing or,marketing strategies for startups,learn course digital marketing,should i learn the course of digital marketing or,boolean,9,[],,
Marketing strategies for startups,https://www.quora.com/Which-is-the-best-Google-AdWords-marketer-in-India?top_ans=48718675,Which is the best Google AdWords company in India?,which is the best google adwords company in india,marketing strategies for startups,best google adwords company india,which is the best google adwords company in india,comparative,9,"[{'text': 'Google AdWords', 'start': 18, 'end': 32, 'label': 'ORG', 'label_desc': 'Companies, agencies, institutions, etc.'}, {'text': 'India', 'start': 44, 'end': 49, 'label': 'GPE', 'label_desc': 'Countries, cities, states'}]",,
Marketing strategies for startups,https://www.quora.com/Can-I-know-which-is-the-best-digital-marketing-institute-in-Pune-for-3-4-months-short-term-course-with-fees-around-30k,Can I know which is the best digital marketing institute in ...,can i know which is the best digital marketing institute in,marketing strategies for startups,know best digital marketing institute,can i know which is the best digital marketing institute in,boolean,11,[],,
Social media engagement tips,https://www.quora.com/What-are-some-tips-for-getting-an-Instagram-influencer-to-promote-your-brand?no_redirect=1,What are some tips for getting an Instagram influencer ...,what are some tips for getting an instagram influencer,social media engagement tips,tips getting instagram influencer,what are some tips for getting an instagram influencer,informational,9,"[{'text': 'Instagram', 'start': 34, 'end': 43, 'label': 'ORG', 'label_desc': 'Companies, agencies, institutions, etc.'}]",,
Social media engagement tips,https://www.quora.com/How-do-we-improve-mobile-app-engagement,How do we improve mobile app engagement?,how do we improve mobile app engagement,social media engagement tips,improve mobile app engagement,how do we improve mobile app engagement,instructional,7,[],,
Social media engagement tips,https://www.quora.com/Do-small-businesses-need-a-social-media-strategy-in-order-to-maximize-sales,Do small businesses need a social media strategy in order ...,do small businesses need a social media strategy in order,social media engagement tips,small businesses need social media strategy order,do small businesses need a social media strategy in order,boolean,10,[],,
Best time to post on Twitter,https://www.quora.com/How-can-I-post-on-three-Twitter-accounts-exactly-at-a-time,How to post on three Twitter accounts exactly at a time,how to post on three twitter accounts exactly at a time,best time to post on twitter,post three twitter accounts exactly time,how to post on three twitter accounts exactly at a time,instructional,11,"[{'text': 'three', 'start': 15, 'end': 20, 'label': 'CARDINAL', 'label_desc': 'Numerals that do not fall under another type'}]",,
Best time to post on Twitter,https://www.quora.com/Where-can-I-get-an-SMM-panel-in-Bangladesh,Where can I get an SMM panel in Bangladesh?,where can i get an smm panel in bangladesh,best time to post on twitter,get smm panel bangladesh,where can i get an smm panel in bangladesh,locational,9,"[{'text': 'Bangladesh', 'start': 32, 'end': 42, 'label': 'GPE', 'label_desc': 'Countries, cities, states'}]",,
Content repurposing strategies,https://www.quora.com/What-are-the-most-effective-strategies-for-maximizing-earnings-on-online-survey-sites,What are the most effective strategies for maximizing ...,what are the most effective strategies for maximizing,content repurposing strategies,effective strategies maximizing,what are the most effective strategies for maximizing,informational,8,[],,
Backlink building,https://www.quora.com/Are-backlink-creating-tools-useful-or-are-they-a-scam-If-they-are-useful-what-are-some-recommended-ones,Are backlink creating tools useful or are they a scam? If ...,are backlink creating tools useful or are they a scam if,backlink building,backlink creating tools useful scam,are backlink creating tools useful or are they a scam if,boolean,11,[],,
Backlink building,https://www.quora.com/What-are-some-websites-that-give-free-high-quality-backlinks-with-instant-approval,What are some websites that give free high-quality ...,what are some websites that give free highquality,backlink building,websites give free highquality,what are some websites that give free highquality,informational,8,[],,
Backlink building,https://www.quora.com/How-many-backlinks-do-I-create-daily-and-weekly-for-a-new-website,How many backlinks do I create daily and weekly for a new ...,how many backlinks do i create daily and weekly for a new,backlink building,many backlinks create daily weekly new,how many backlinks do i create daily and weekly for a new,instructional,12,"[{'text': 'daily', 'start': 31, 'end': 36, 'label': 'DATE', 'label_desc': 'Absolute or relative dates or periods'}, {'text': 'weekly', 'start': 41, 'end': 47, 'label': 'DATE', 'label_desc': 'Absolute or relative dates or periods'}]",,
Backlink building,https://www.quora.com/Which-link-building-technique-gives-more-backlinks,Which link building technique gives more backlinks?,which link building technique gives more backlinks,backlink building,link building technique gives backlinks,which link building technique gives more backlinks,comparative,7,[],,
Backlink building,https://guestpostingandblogging.quora.com/https-www-quora-com-What-is-the-best-way-to-build-backlinks-answer-Natalya-Fremd,What is the best way to build backlinks? - Guest Posting And ...,what is the best way to build backlinks guest posting and,backlink building,best way build backlinks guest posting,what is the best way to build backlinks guest posting and,informational,11,[],,
Backlink building,https://www.quora.com/How-can-I-find-clients-of-backlinks-and-guest-post-services,How to find clients of backlinks and guest post services,how to find clients of backlinks and guest post services,backlink building,find clients backlinks guest post services,how to find clients of backlinks and guest post services,instructional,10,[],,
Backlink building,https://www.quora.com/What-are-backlinks-and-link-building,What are backlinks and link building?,what are backlinks and link building,backlink building,backlinks link building,what are backlinks and link building,informational,6,[],,
Backlink building,https://www.quora.com/Where-can-I-get-high-domain-backlinks,Where can I get high domain backlinks?,where can i get high domain backlinks,backlink building,get high domain backlinks,where can i get high domain backlinks,locational,7,[],,
Backlink building,https://www.quora.com/How-much-do-you-charge-for-making-100-high-quality-backlinks-for-my-website,How much do you charge for making 100 high quality ...,how much do you charge for making 100 high quality,backlink building,much charge making 100 high quality,how much do you charge for making 100 high quality,instructional,10,"[{'text': '100', 'start': 34, 'end': 37, 'label': 'CARDINAL', 'label_desc': 'Numerals that do not fall under another type'}]",,
Backlink building,https://www.quora.com/Is-having-a-high-number-of-backlinks-beneficial-for-SEO-and-increasing-organic-traffic-from-Google-Search,Is having a high number of backlinks beneficial for SEO ...,is having a high number of backlinks beneficial for seo,backlink building,high number backlinks beneficial seo,is having a high number of backlinks beneficial for seo,boolean,10,"[{'text': 'SEO', 'start': 52, 'end': 55, 'label': 'ORG', 'label_desc': 'Companies, agencies, institutions, etc.'}]",,
Backlink building,https://www.quora.com/What-could-be-the-steps-to-do-backlinks-for-a-website-Where-could-I-find-those-links,What could be the steps to do backlinks for a website? ...,what could be the steps to do backlinks for a website,backlink building,could steps backlinks website,what could be the steps to do backlinks for a website,informational,11,[],,
Backlink building,https://www.quora.com/Are-you-planning-to-perform-white-hat-link-building-with-high-DA-dofollow-backlinks-for-SEO-purposes-and-can-you-provide-a-report-detailing-the-results-of-this-effort,Are you planning to perform white hat link building ...,are you planning to perform white hat link building,backlink building,planning perform white hat link building,are you planning to perform white hat link building,boolean,9,[],,
Backlink building,https://www.quora.com/How-can-we-find-websites-that-accept-guest-posts-in-order-to-build-backlinks-for-SEO-purposes,How can we find websites that accept guest posts in order ...,how can we find websites that accept guest posts in order,backlink building,find websites accept guest posts order,how can we find websites that accept guest posts in order,instructional,11,[],,
Backlink building,https://www.quora.com/What-is-the-best-backlink-indexing-tool-or-pinging-website,What is the best backlink indexing tool or pinging website?,what is the best backlink indexing tool or pinging website,backlink building,best backlink indexing tool pinging website,what is the best backlink indexing tool or pinging website,informational,10,[],,
Backlink building,https://www.quora.com/Do-you-use-backlinks-for-SEO,Do you use backlinks for SEO?,do you use backlinks for seo,backlink building,use backlinks seo,do you use backlinks for seo,boolean,6,"[{'text': 'SEO', 'start': 25, 'end': 28, 'label': 'ORG', 'label_desc': 'Companies, agencies, institutions, etc.'}]",,
Backlink building,https://www.quora.com/Should-I-buy-links,Should I buy links?,should i buy links,backlink building,buy links,should i buy links,boolean,4,[],,
Backlink building,https://www.quora.com/What-is-contextual-backlink,What is contextual backlink?,what is contextual backlink,backlink building,contextual backlink,what is contextual backlink,informational,4,[],,
Backlink building,https://www.quora.com/What-are-the-UAE-sites-from-where-I-can-quality-back-links,What are the UAE sites from where I can quality back links?,what are the uae sites from where i can quality back links,backlink building,uae sites quality back links,what are the uae sites from where i can quality back links,informational,12,"[{'text': 'UAE', 'start': 13, 'end': 16, 'label': 'ORG', 'label_desc': 'Companies, agencies, institutions, etc.'}]",,
Backlink building,https://www.quora.com/How-do-I-buy-niche-edit-guest-posts,How to buy niche edit guest posts,how to buy niche edit guest posts,backlink building,buy niche edit guest posts,how to buy niche edit guest posts,instructional,7,[],,
Backlink building,https://www.quora.com/What-are-some-effective-link-building-strategies-that-can-help-improve-a-websites-authority-and-organic-search-visibility-while-also-maintaining-compliance-with-search-engine-guidelines,What are some effective link building strategies that can ...,what are some effective link building strategies that can,backlink building,effective link building strategies,what are some effective link building strategies that can,informational,9,[],,
Backlink building,https://www.quora.com/Which-company-offers-both-on-page-and-off-page-SEO-services,Which company offers both on-page and off-page SEO ...,which company offers both onpage and offpage seo,backlink building,company offers onpage offpage seo,which company offers both onpage and offpage seo,comparative,8,[],,
Backlink building,https://www.quora.com/How-can-I-check-backlinks-manually-my-competitor-website?top_ans=71830271,How to find back-links of my competitors,how to find backlinks of my competitors,backlink building,find backlinks competitors,how to find backlinks of my competitors,instructional,7,[],,
Go-to-market strategy,https://www.quora.com/How-do-you-plan-to-market-and-promote-your-business-1,How do you plan to market and promote your business?,how do you plan to market and promote your business,gotomarket strategy,plan market promote business,how do you plan to market and promote your business,instructional,10,[],,
Go-to-market strategy,https://www.quora.com/How-do-you-write-a-self-centred-business-plan-when-the-money-is-already-there-but-you-still-need-a-way-to-focus-and-organise-yourself-to-start-and-run-a-business-that-you-have-not-yet-started,How to write a self-centred business plan when the money ...,how to write a selfcentred business plan when the money,gotomarket strategy,write selfcentred business plan money,how to write a selfcentred business plan when the money,instructional,10,[],,
Go-to-market strategy,https://www.quora.com/What-is-the-best-approach-to-market-an-API,What is the best approach to market an API?,what is the best approach to market an api,gotomarket strategy,best approach market api,what is the best approach to market an api,informational,9,"[{'text': 'API', 'start': 39, 'end': 42, 'label': 'ORG', 'label_desc': 'Companies, agencies, institutions, etc.'}]",,
Go-to-market strategy,https://www.quora.com/Is-it-better-to-create-your-own-product-or-resell-another-companys-product,Is it better to create your own product or resell another ...,is it better to create your own product or resell another,gotomarket strategy,better create product resell another,is it better to create your own product or resell another,boolean,11,[],,
Go-to-market strategy,https://www.quora.com/How-do-I-get-a-hard-working-talanted-co-founder-for-my-startup,How to get a hard-working talanted co-founder for my startup,how to get a hardworking talanted cofounder for my startup,gotomarket strategy,get hardworking talanted cofounder startup,how to get a hardworking talanted cofounder for my startup,instructional,10,[],,
Go-to-market strategy,https://www.quora.com/Im-launching-a-startup-that-is-a-travel-social-network-Would-it-be-better-promote-it-with-travel-or-tech-bloggers-Should-I-send-them-a-Press-Release-or-a-personal-note,I'm launching a startup that is a travel social network. Would it be ...,im launching a startup that is a travel social network would it be,gotomarket strategy,im launching startup travel social network would,,other,0,[],,
B2B marketing strategy,https://www.quora.com/Which-is-the-most-effective-market-strategy-to-promote-a-brand-in-2019?top_ans=1477743649140366,Which is the most effective market strategy to promote a brand in ...,which is the most effective market strategy to promote a brand in,b2b marketing strategy,effective market strategy promote brand,which is the most effective market strategy to promote a brand in,comparative,12,[],,
B2B marketing strategy,https://www.quora.com/What-are-some-proven-sales-strategies-for-a-service-based-business,What are some proven sales strategies for a service-based ...,what are some proven sales strategies for a servicebased,b2b marketing strategy,proven sales strategies servicebased,what are some proven sales strategies for a servicebased,informational,9,[],,
B2B marketing strategy,https://www.quora.com/What-is-the-best-online-marketing-strategy-for-a-granite-countertop-business,What is the best online marketing strategy for a granite ...,what is the best online marketing strategy for a granite,b2b marketing strategy,best online marketing strategy granite,what is the best online marketing strategy for a granite,informational,10,[],,
B2B marketing strategy,https://www.quora.com/My-Facebook-account-got-hacked-the-email-address-got-changed-by-the-hacker-and-meta-help-center-is-unable-to-help-What-do-I-do,"My Facebook account got hacked, the email address ...",my facebook account got hacked the email address,b2b marketing strategy,facebook account got hacked email address,,other,0,[],,
B2B marketing strategy,https://www.quora.com/How-do-i-recover-my-hacked-Facebook-messenger-account,How do i recover my hacked Facebook messenger account,how do i recover my hacked facebook messenger account,b2b marketing strategy,recover hacked facebook messenger account,how do i recover my hacked facebook messenger account,instructional,9,[],,
Inbound marketing,https://www.quora.com/Can-you-recommend-any-marketing-blogs-written-by-small-business-owners,Can you recommend any marketing blogs written by small ...,can you recommend any marketing blogs written by small,inbound marketing,recommend marketing blogs written small,can you recommend any marketing blogs written by small,boolean,9,[],,
Inbound marketing,https://www.quora.com/In-WorkFlowy-how-do-I-link-to-an-inbound-email,"In WorkFlowy, how do I link to an inbound email?",in workflowy how do i link to an inbound email,inbound marketing,workflowy link inbound email,,other,0,"[{'text': 'WorkFlowy', 'start': 3, 'end': 12, 'label': 'ORG', 'label_desc': 'Companies, agencies, institutions, etc.'}]",,
Inbound marketing,https://www.quora.com/What-are-some-ways-to-encourage-small-business-clients-to-invest-in-their-online-marketing-strategy,What are some ways to encourage small business clients ...,what are some ways to encourage small business clients,inbound marketing,ways encourage small business clients,what are some ways to encourage small business clients,informational,9,[],,
Inbound marketing,https://www.quora.com/What-are-the-best-ways-to-promote-a-software-startup-through-online-marketing,What are the best ways to promote a software startup ...,what are the best ways to promote a software startup,inbound marketing,best ways promote software startup,what are the best ways to promote a software startup,informational,10,[],,
Inbound marketing,https://www.quora.com/Which-is-the-best-email-marketing-tool-HubSpot-or-GetResponse,"Which is the best email marketing tool, HubSpot or ...",which is the best email marketing tool hubspot or,inbound marketing,best email marketing tool hubspot,which is the best email marketing tool hubspot or,comparative,9,"[{'text': 'HubSpot', 'start': 40, 'end': 47, 'label': 'ORG', 'label_desc': 'Companies, agencies, institutions, etc.'}]",,
Inbound marketing,https://www.quora.com/What-will-I-learn-at-a-marketing-agency,What will I learn at a marketing agency?,what will i learn at a marketing agency,inbound marketing,learn marketing agency,what will i learn at a marketing agency,informational,8,[],,
Inbound marketing,https://www.quora.com/What-is-Google-Ads-marketing,What is Google Ads marketing?,what is google ads marketing,inbound marketing,google ads marketing,what is google ads marketing,informational,5,[],,
Inbound marketing,https://www.quora.com/How-do-you-pick-a-marketing-agency-to-work-with,How do you pick a marketing agency to work with?,how do you pick a marketing agency to work with,inbound marketing,pick marketing agency work,how do you pick a marketing agency to work with,instructional,10,[],,
Inbound marketing,https://www.quora.com/Where-can-I-find-more-about-SEO-and-online-marketing,Where can I find more about SEO and online marketing?,where can i find more about seo and online marketing,inbound marketing,find seo online marketing,where can i find more about seo and online marketing,locational,10,"[{'text': 'SEO', 'start': 28, 'end': 31, 'label': 'ORG', 'label_desc': 'Companies, agencies, institutions, etc.'}]",,
Inbound marketing,https://www.quora.com/How-do-I-start-an-inbound-call-center-business-in-Hyderabad?top_ans=291125767,How to start an inbound call center business in Hyderabad,how to start an inbound call center business in hyderabad,inbound marketing,start inbound call center business hyderabad,how to start an inbound call center business in hyderabad,instructional,10,"[{'text': 'Hyderabad', 'start': 48, 'end': 57, 'label': 'ORG', 'label_desc': 'Companies, agencies, institutions, etc.'}]",,
Inbound marketing,https://www.quora.com/What-are-the-best-online-marketing-service-providers?top_ans=340651554,What are the best online marketing service providers?,what are the best online marketing service providers,inbound marketing,best online marketing service providers,what are the best online marketing service providers,informational,8,[],,
Inbound marketing,https://www.quora.com/What-email-marketing-tool-does-your-business-currently-use,What email marketing tool does your business currently use?,what email marketing tool does your business currently use,inbound marketing,email marketing tool business currently use,what email marketing tool does your business currently use,informational,9,[],,
Inbound marketing,https://www.quora.com/What-is-the-best-way-to-learn-email-marketing-for-free,What is the best way to learn email marketing for free?,what is the best way to learn email marketing for free,inbound marketing,best way learn email marketing free,what is the best way to learn email marketing for free,informational,11,[],,
Inbound marketing,https://www.quora.com/What-are-the-most-effective-ways-to-market-a-new-business-with-a-limited-budget,What are the most effective ways to market a new business ...,what are the most effective ways to market a new business,inbound marketing,effective ways market new business,what are the most effective ways to market a new business,informational,11,[],,
Inbound marketing,https://www.quora.com/Are-digital-marketing-services-in-the-UAE-expensive,Are digital marketing services in the UAE expensive?,are digital marketing services in the uae expensive,inbound marketing,digital marketing services uae expensive,are digital marketing services in the uae expensive,boolean,8,"[{'text': 'UAE', 'start': 38, 'end': 41, 'label': 'GPE', 'label_desc': 'Countries, cities, states'}]",,
Inbound marketing,https://www.quora.com/How-can-I-get-inbound-calls-for-my-tech-support-centre,How to get inbound calls for my tech support centre,how to get inbound calls for my tech support centre,inbound marketing,get inbound calls tech support centre,how to get inbound calls for my tech support centre,instructional,10,[],,
Inbound marketing,https://www.quora.com/What-are-some-websites-for-learning-digital-marketing-SEO-and-other-online-skills-for-free-or-cheap,What are some websites for learning digital marketing ...,what are some websites for learning digital marketing,inbound marketing,websites learning digital marketing,what are some websites for learning digital marketing,informational,8,[],,
Inbound marketing,https://www.quora.com/Who-is-the-best-guide-for-digital-marketing,Who is the best guide for digital marketing?,who is the best guide for digital marketing,inbound marketing,best guide digital marketing,who is the best guide for digital marketing,personal,8,[],,
Inbound marketing,https://www.quora.com/Should-you-embed-videos-in-email-marketing-What-are-the-pros-and-cons,Should you embed videos in email marketing? What are ...,should you embed videos in email marketing what are,inbound marketing,embed videos email marketing,should you embed videos in email marketing what are,boolean,9,[],,
Inbound marketing,https://www.quora.com/What-is-the-best-email-marketing-software-for-e-commerce,What is the best email marketing software for e-commerce?,what is the best email marketing software for ecommerce,inbound marketing,best email marketing software ecommerce,what is the best email marketing software for ecommerce,informational,9,[],,
Inbound marketing,https://www.quora.com/Why-is-a-strong-online-presence-crucial-for-business-growth-in-2025,Why is a strong online presence crucial for business ...,why is a strong online presence crucial for business,inbound marketing,strong online presence crucial business,why is a strong online presence crucial for business,reasoning,9,[],,
Inbound marketing,https://www.quora.com/Where-can-I-find-top-marketing-talent,Where can I find top marketing talent?,where can i find top marketing talent,inbound marketing,find top marketing talent,where can i find top marketing talent,locational,7,[],,
Inbound marketing,https://www.quora.com/What-are-the-most-effective-strategies-to-grow-a-YouTube-channel-in-2024-for-small-creators,What are the most effective strategies to grow a YouTube ...,what are the most effective strategies to grow a youtube,inbound marketing,effective strategies grow youtube,what are the most effective strategies to grow a youtube,informational,10,"[{'text': 'YouTube', 'start': 49, 'end': 56, 'label': 'ORG', 'label_desc': 'Companies, agencies, institutions, etc.'}]",,
Inbound marketing,https://www.quora.com/Why-is-lifestyle-marketing-so-successful-for-B2C-businesses,Why is lifestyle marketing so successful for B2C businesses?,why is lifestyle marketing so successful for b2c businesses,inbound marketing,lifestyle marketing successful b2c businesses,why is lifestyle marketing so successful for b2c businesses,reasoning,9,[],,
Inbound marketing,https://www.quora.com/How-do-I-write-good-emails-for-my-email-marketing,How to write good emails for my email marketing,how to write good emails for my email marketing,inbound marketing,write good emails email marketing,how to write good emails for my email marketing,instructional,9,[],,
Inbound marketing,https://www.quora.com/What-is-a-basic-G-Suite-account,What is a basic G-Suite account?,what is a basic gsuite account,inbound marketing,basic gsuite account,what is a basic gsuite account,informational,6,[],,
Inbound marketing,https://www.quora.com/What-services-does-a-lead-generation-agency-typically-offer,What services does a lead generation agency typically offer?,what services does a lead generation agency typically offer,inbound marketing,services lead generation agency typically offer,what services does a lead generation agency typically offer,informational,9,[],,
Inbound marketing,https://www.quora.com/Which-digital-marketing-company-is-renowned?top_ans=1477743733845178,Which companies are doing best in digital marketing?,which companies are doing best in digital marketing,inbound marketing,companies best digital marketing,which companies are doing best in digital marketing,comparative,8,[],,
Inbound marketing,https://www.quora.com/What-are-some-examples-of-digital-marketing-services?top_ans=1477743687869094,What are the most common digital marketing services?,what are the most common digital marketing services,inbound marketing,common digital marketing services,what are the most common digital marketing services,informational,8,[],,
Growth hacking techniques,https://www.quora.com/What-is-the-best-way-to-learn-growth-hacking,What is the best way to learn growth hacking?,what is the best way to learn growth hacking,growth hacking techniques,best way learn growth hacking,what is the best way to learn growth hacking,informational,9,[],,
Growth hacking techniques,https://www.quora.com/How-can-I-become-a-growth-hacker,How to become a growth hacker,how to become a growth hacker,growth hacking techniques,become growth hacker,how to become a growth hacker,instructional,6,[],,
Growth hacking techniques,https://www.quora.com/How-do-I-setup-an-app-development-company?top_ans=36242934,What is the best way to build a successful app company?,what is the best way to build a successful app company,growth hacking techniques,best way build successful app company,what is the best way to build a successful app company,informational,11,[],,
Growth hacking techniques,https://www.quora.com/What-is-better-for-the-startup-Launching-fast-but-unstable-and-badly-designed-app-or-taking-time-and-launching-a-beautiful-and-stable-app,What is better for the startup: Launching fast but unstable ...,what is better for the startup launching fast but unstable,growth hacking techniques,better startup launching fast unstable,what is better for the startup launching fast but unstable,informational,10,[],,
Growth hacking techniques,https://www.quora.com/How-can-I-promote-my-website-through-SEO,How to promote my website through SEO,how to promote my website through seo,growth hacking techniques,promote website seo,how to promote my website through seo,instructional,7,"[{'text': 'SEO', 'start': 34, 'end': 37, 'label': 'ORG', 'label_desc': 'Companies, agencies, institutions, etc.'}]",,
Growth hacking techniques,https://www.quora.com/How-can-Google-AdWords-help-my-business-achieve-a-higher-ROI,How can Google AdWords help my business achieve a ...,how can google adwords help my business achieve a,growth hacking techniques,google adwords help business achieve,how can google adwords help my business achieve a,instructional,9,"[{'text': 'AdWords', 'start': 15, 'end': 22, 'label': 'PERSON', 'label_desc': 'People, including fictional'}]",,
Growth hacking techniques,https://www.quora.com/How-can-you-launch-one-app-from-another-app,How to launch one app from another app,how to launch one app from another app,growth hacking techniques,launch one app another app,how to launch one app from another app,instructional,8,"[{'text': 'one', 'start': 14, 'end': 17, 'label': 'CARDINAL', 'label_desc': 'Numerals that do not fall under another type'}]",,
How to write engaging content,https://www.quora.com/I-need-a-content-writer-Will-you-write-for-me,I need a content writer. Will you write for me?,i need a content writer will you write for me,how to write engaging content,need content writer write,,other,0,[],,
How to write engaging content,https://www.quora.com/How-can-I-find-a-content-writer-for-my-office,How to find a content writer for my office,how to find a content writer for my office,how to write engaging content,find content writer office,how to find a content writer for my office,instructional,9,[],,
How to write engaging content,https://www.quora.com/What-are-some-organic-ways-to-generate-traffic-to-your-business?top_ans=379798735,What are some organic ways to generate traffic to your ...,what are some organic ways to generate traffic to your,how to write engaging content,organic ways generate traffic,what are some organic ways to generate traffic to your,informational,10,[],,
How to write engaging content,https://www.quora.com/What-skills-can-college-students-learn-to-make-money-online,What skills can college students learn to make money ...,what skills can college students learn to make money,how to write engaging content,skills college students learn make money,what skills can college students learn to make money,informational,9,[],,
How to write engaging content,https://www.quora.com/What-are-some-skills-I-can-learn-at-home-to-earn-money,What are some skills I can learn at home to earn money?,what are some skills i can learn at home to earn money,how to write engaging content,skills learn home earn money,what are some skills i can learn at home to earn money,informational,12,[],,
Content marketing strategy,https://www.quora.com/How-do-I-plan-for-a-digital-marketing-content-strategy,How to plan for a digital marketing content strategy,how to plan for a digital marketing content strategy,content marketing strategy,plan digital marketing content strategy,how to plan for a digital marketing content strategy,instructional,9,[],,
SEO content strategy,https://www.quora.com/How-do-you-plan-your-SEO-strategy-for-any-new-project,How to plan your SEO strategy for any new project,how to plan your seo strategy for any new project,seo content strategy,plan seo strategy new project,how to plan your seo strategy for any new project,instructional,10,[],,
SEO content strategy,https://www.quora.com/What-do-you-do-first-write-the-content-or-do-the-SEO-keyword-research-which-keywords-to-rank-for-etc,"What do you do first, write the content or do the SEO ...",what do you do first write the content or do the seo,seo content strategy,first write content seo,what do you do first write the content or do the seo,informational,12,"[{'text': 'first', 'start': 15, 'end': 20, 'label': 'ORDINAL', 'label_desc': '""first"", ""second"", etc.'}, {'text': 'SEO', 'start': 50, 'end': 53, 'label': 'ORG', 'label_desc': 'Companies, agencies, institutions, etc.'}]",,
SEO content strategy,https://www.quora.com/What-is-the-SEO-strategy-for-a-business-directory-website,What is the SEO strategy for a business directory website?,what is the seo strategy for a business directory website,seo content strategy,seo strategy business directory website,what is the seo strategy for a business directory website,informational,10,"[{'text': 'SEO', 'start': 12, 'end': 15, 'label': 'ORG', 'label_desc': 'Companies, agencies, institutions, etc.'}]",,
SEO content strategy,https://www.quora.com/What-is-the-relationship-between-technical-SEO-and-content-optimization,What is the relationship between technical SEO and ...,what is the relationship between technical seo and,seo content strategy,relationship technical seo,what is the relationship between technical seo and,informational,8,"[{'text': 'SEO', 'start': 43, 'end': 46, 'label': 'ORG', 'label_desc': 'Companies, agencies, institutions, etc.'}]",,
SEO content strategy,https://www.quora.com/How-can-I-hire-experts-for-SEO-on-my-YouTube-channel,How to hire experts for SEO on my YouTube channel,how to hire experts for seo on my youtube channel,seo content strategy,hire experts seo youtube channel,how to hire experts for seo on my youtube channel,instructional,10,"[{'text': 'SEO', 'start': 24, 'end': 27, 'label': 'ORG', 'label_desc': 'Companies, agencies, institutions, etc.'}, {'text': 'YouTube', 'start': 34, 'end': 41, 'label': 'ORG', 'label_desc': 'Companies, agencies, institutions, etc.'}]",,
SEO content strategy,https://www.quora.com/How-do-I-describe-my-title-as-a-freelancer-who-does-SEO-and-writing-services-SEO-copywriter,How to describe my title as a freelancer who does SEO and ...,how to describe my title as a freelancer who does seo and,seo content strategy,describe title freelancer seo,how to describe my title as a freelancer who does seo and,instructional,12,"[{'text': 'SEO', 'start': 50, 'end': 53, 'label': 'ORG', 'label_desc': 'Companies, agencies, institutions, etc.'}]",,
SEO content strategy,https://www.quora.com/How-do-I-find-a-trusted-expert-to-optimize-the-Wix-website-for-SEO,How to find a trusted expert to optimize the Wix website for ...,how to find a trusted expert to optimize the wix website for,seo content strategy,find trusted expert optimize wix website,how to find a trusted expert to optimize the wix website for,instructional,12,"[{'text': 'Wix', 'start': 45, 'end': 48, 'label': 'PERSON', 'label_desc': 'People, including fictional'}]",,
SEO content strategy,https://www.quora.com/How-many-types-of-submissions-are-there-in-SEO,How many types of submissions are there in SEO?,how many types of submissions are there in seo,seo content strategy,many types submissions seo,how many types of submissions are there in seo,instructional,9,"[{'text': 'SEO', 'start': 43, 'end': 46, 'label': 'ORG', 'label_desc': 'Companies, agencies, institutions, etc.'}]",,
SEO content strategy,https://www.quora.com/How-can-we-find-an-Amazon-SEO-specialist-job,How can we find an Amazon SEO specialist job?,how can we find an amazon seo specialist job,seo content strategy,find amazon seo specialist job,how can we find an amazon seo specialist job,instructional,9,"[{'text': 'Amazon SEO', 'start': 19, 'end': 29, 'label': 'ORG', 'label_desc': 'Companies, agencies, institutions, etc.'}]",,
SEO content strategy,https://www.quora.com/What-are-some-effective-link-building-strategies-that-can-help-improve-a-websites-authority-and-organic-search-visibility-while-also-maintaining-compliance-with-search-engine-guidelines,What are some effective link building strategies that can ...,what are some effective link building strategies that can,seo content strategy,effective link building strategies,what are some effective link building strategies that can,informational,9,[],,
SEO content strategy,https://www.quora.com/What-is-the-best-SEO-agency-in-Pune,What is the best SEO agency in Pune?,what is the best seo agency in pune,seo content strategy,best seo agency pune,what is the best seo agency in pune,informational,8,"[{'text': 'SEO', 'start': 17, 'end': 20, 'label': 'ORG', 'label_desc': 'Companies, agencies, institutions, etc.'}, {'text': 'Pune', 'start': 31, 'end': 35, 'label': 'LOC', 'label_desc': 'Non-GPE locations, mountain ranges, bodies of water'}]",,
SEO content strategy,https://www.quora.com/What-is-the-difference-between-PPC-and-CRO-SEO,What is the difference between PPC and CRO/SEO?,what is the difference between ppc and croseo,seo content strategy,difference ppc croseo,what is the difference between ppc and croseo,informational,8,"[{'text': 'PPC', 'start': 31, 'end': 34, 'label': 'ORG', 'label_desc': 'Companies, agencies, institutions, etc.'}, {'text': 'CRO/SEO', 'start': 39, 'end': 46, 'label': 'ORG', 'label_desc': 'Companies, agencies, institutions, etc.'}]",,
SEO content strategy,https://www.quora.com/Is-it-worth-paying-for-a-keyword-tool-Whats-the-difference-between-free-and-premium-ones-Is-there-any-difference-at-all,Is it worth paying for a keyword tool? What's the difference ...,is it worth paying for a keyword tool whats the difference,seo content strategy,worth paying keyword tool whats difference,is it worth paying for a keyword tool whats the difference,boolean,11,[],,
SEO content strategy,https://www.quora.com/How-do-I-make-more-sales-less-work-on-my-website,How to make more sales less work on my website,how to make more sales less work on my website,seo content strategy,make sales less work website,how to make more sales less work on my website,instructional,10,[],,
SEO content strategy,https://www.quora.com/What-are-some-factors-that-affect-whether-or-not-Google-will-rank-your-websites-content,What are some factors that affect whether or not Google will ...,what are some factors that affect whether or not google will,seo content strategy,factors affect whether google,what are some factors that affect whether or not google will,informational,11,"[{'text': 'Google', 'start': 49, 'end': 55, 'label': 'ORG', 'label_desc': 'Companies, agencies, institutions, etc.'}]",,
SEO content strategy,https://www.quora.com/What-are-the-most-significant-challenges-in-developing-a-multilingual-enterprise-search-engine-that-can-effectively-handle-context-and-intent-across-different-languages-and-cultures,What are the most significant challenges in developing ...,what are the most significant challenges in developing,seo content strategy,significant challenges developing,what are the most significant challenges in developing,informational,8,[],,
SEO content strategy,https://www.quora.com/Why-is-my-website-not-appearing-at-all-in-Google-Search,Why is my website not appearing at all in Google Search?,why is my website not appearing at all in google search,seo content strategy,website appearing google search,why is my website not appearing at all in google search,reasoning,11,"[{'text': 'Google Search', 'start': 42, 'end': 55, 'label': 'ORG', 'label_desc': 'Companies, agencies, institutions, etc.'}]",,
SEO content strategy,https://www.quora.com/Who-is-the-professional-SEO-expert-in-Delhi,Who is the professional SEO expert in Delhi?,who is the professional seo expert in delhi,seo content strategy,professional seo expert delhi,who is the professional seo expert in delhi,personal,8,"[{'text': 'Delhi', 'start': 38, 'end': 43, 'label': 'GPE', 'label_desc': 'Countries, cities, states'}]",,
SEO content strategy,https://searchengineoptimisation.quora.com/How-to-create-a-business-website?ch=15&oid=110688789&share=02b6d5ff&target_type=question,How to create a business website - SEO - Quora,how to create a business website seo quora,seo content strategy,create business website seo quora,how to create a business website seo quora,instructional,8,[],,
SEO content strategy,https://www.quora.com/profile/Kiran-Chabukswar,Kiran Chabukswar,kiran chabukswar,seo content strategy,kiran chabukswar,,other,0,"[{'text': 'Kiran Chabukswar', 'start': 0, 'end': 16, 'label': 'ORG', 'label_desc': 'Companies, agencies, institutions, etc.'}]",,
SEO content strategy,https://www.quora.com/What-is-the-best-institution-to-take-a-digital-marketing-course-as-well-as-placement-support-in-Chennai,What is the best institution to take a digital marketing ...,what is the best institution to take a digital marketing,seo content strategy,best institution take digital marketing,what is the best institution to take a digital marketing,informational,10,[],,
SEO content strategy,https://www.quora.com/What-is-the-best-YouTube-course-in-2023,What is the best YouTube course in 2023?,what is the best youtube course in 2023,seo content strategy,best youtube course 2023,what is the best youtube course in 2023,informational,8,"[{'text': 'YouTube', 'start': 17, 'end': 24, 'label': 'PRODUCT', 'label_desc': 'Objects, vehicles, foods, etc. (not services)'}, {'text': '2023', 'start': 35, 'end': 39, 'label': 'DATE', 'label_desc': 'Absolute or relative dates or periods'}]",,
SEO tools for content marketers,https://groupbuyseotool.quora.com/https-www-quora-com-How-do-I-earn-in-affiliate-marketing-answer-HennoSmith-1,How to earn in affiliate marketing - Group Buy SEO Tool - Quora,how to earn in affiliate marketing group buy seo tool quora,seo tools for content marketers,earn affiliate marketing group buy seo tool quora,how to earn in affiliate marketing group buy seo tool quora,instructional,11,[],,
AI for content generation,https://www.quora.com/profile/Ejike-John-Anumba,Ejike John Anumba,ejike john anumba,ai for content generation,ejike john anumba,,other,0,"[{'text': 'John Anumba', 'start': 6, 'end': 17, 'label': 'PERSON', 'label_desc': 'People, including fictional'}]",,
Marketing automation platforms,https://www.quora.com/What-is-the-cost-of-automation-email-marketing,What is the cost of automation email marketing?,what is the cost of automation email marketing,marketing automation platforms,cost automation email marketing,what is the cost of automation email marketing,informational,8,[],,
Marketing automation platforms,https://www.quora.com/How-can-you-explain-email-marketing-How-can-we-send-bulk-mail-at-once,How to explain email marketing? How can we send bulk ...,how to explain email marketing how can we send bulk,marketing automation platforms,explain email marketing send bulk,how to explain email marketing how can we send bulk,instructional,10,[],,
Marketing automation platforms,https://www.quora.com/How-can-I-make-nonprofit-direct-mail-campaigns-more-effective-for-my-organizations,How to make nonprofit direct mail campaigns more ...,how to make nonprofit direct mail campaigns more,marketing automation platforms,make nonprofit direct mail campaigns,how to make nonprofit direct mail campaigns more,instructional,8,[],,
Marketing automation platforms,https://ar.quora.com/%D9%85%D8%A7%D9%87%D9%8A-%D8%A7%D9%81%D8%B6%D9%84-%D8%A7%D9%84%D9%85%D9%88%D8%A7%D9%82%D8%B9-%D9%84%D9%86%D8%B4%D8%B1-%D8%B1%D8%A7%D8%A8%D8%B7-%D8%A7%D9%84%D8%A7%D8%AD%D8%A7%D9%84%D8%A9-1,,,marketing automation platforms,,,other,0,"[{'text': 'nan', 'start': 0, 'end': 3, 'label': 'PERSON', 'label_desc': 'People, including fictional'}]",,
